Author,Title,URL
Beaton M.C.,Agatha Raisin e la giardiniera invasata,https://www.amazon.it/gp/product/B008O620JG
Beaton M.C.,Agatha Raisin e i Camminatori di Dembley,https://www.amazon.it/gp/product/B008DYJW2M
Beaton M.C.,Agatha Raisin e il matrimonio assassino,https://www.amazon.it/gp/product/B00AA0VYMI
Beaton M.C.,Agatha Raisin – La turista terribile,https://www.amazon.it/gp/product/B07J17JN9C
Beaton M.C.,Agatha Raisin e la Sorgente della morte,https://www.amazon.it/gp/product/B00D6UWTOG
Beaton M.C.,Agatha Raisin – Il mago di Evesham,https://www.amazon.it/gp/product/B07J1WNKL2
Beaton M.C.,Agatha Raisin – La strega di Wyckhadden,https://www.amazon.it/gp/product/B00JPQU73A
Beaton M.C.,Agatha Raisin – Le fate di Fryfam,https://www.amazon.it/gp/product/B00NFIFL1C
Beaton M.C.,Agatha Raisin – I giorni del diluvio,https://www.amazon.it/gp/product/B00ZV3NBS4
Beaton M.C.,Agatha Raisin - Il caso del curioso curato,https://www.amazon.it/gp/product/B016LAXXHE
Beaton M.C.,Agatha Raisin – Il ballo mortale,https://www.amazon.it/gp/product/B01GFPDFUK
Beaton M.C.,Agatha Raisin e il modello di virtù,https://www.amazon.it/gp/product/B01M6ZUSLT
Beaton M.C.,Agatha Raisin – Amore bugie e liquori,https://www.amazon.it/gp/product/B06Y5T883G
Beaton M.C.,Agatha Raisin. Natale addio!,https://www.amazon.it/gp/product/B075Y5FPGD
Beaton M.C.,Agatha Raisin – Una cucchiaiata di veleno,https://www.amazon.it/gp/product/B0773LQBRL
Beaton M.C.,Agatha Raisin - Arriva la sposa!,https://www.amazon.it/gp/product/B07BD4H3B7
Beaton M.C.,Agatha Raisin e l'insopportabile ficcanaso,https://www.amazon.it/gp/product/B07DRJMY6G
Beaton M.C.,Agatha Raisin – Il maiale allo spiedo,https://www.amazon.it/gp/product/B07K33QHFD
Beaton M.C.,Agatha Raisin – Sibili e sussurri,https://www.amazon.it/gp/product/B07Q9M46ZR
Beaton M.C.,Agatha Raisin – Il prestito fatale,https://www.amazon.it/gp/product/B07TLXFHB6
Beaton M.C.,Agatha Raisin – Panico in sala,https://www.amazon.it/gp/product/B07Z6P828R
Beaton M.C.,Agatha Raisin – La psicologa impicciona,https://www.amazon.it/gp/product/B084XWMJJN
Beaton M.C.,Agatha Raisin – L'albero delle streghe,https://www.amazon.it/gp/product/B0916B9GNF
Beaton M.C.,Agatha Raisin – Campane a morto,https://www.amazon.it/gp/product/B09D43W65Y
Beaton M.C.,Agatha Raisin – L'innocenza dell'asino,https://www.amazon.it/gp/product/B09QD4PTLX
Beaton M.C.,Agatha Raisin – Corsa a ostacoli,https://www.amazon.it/gp/product/B0BGXV4BH4
Beaton M.C.,Agatha Raisin – Tutto d'un fiato!,https://www.amazon.it/gp/product/B0C6KQ47RR
Cristina Cassar Scalia,La Salita dei Saponari (Vanina Guarrasi #3),https://www.amazon.it/gp/product/B089ZPL34R
Cristina Cassar Scalia,L'uomo del porto (Vanina Guarrasi #4),https://www.amazon.it/gp/product/B093LLD9B3
Cristina Cassar Scalia,Il talento del cappellano (Vanina Guarrasi #5),https://www.amazon.it/gp/product/B09KC8FMN3
Cristina Cassar Scalia,La carrozza della Santa (Vanina Guarrasi #6),https://www.amazon.it/gp/product/B09ZKJ4T2X
Cristina Cassar Scalia,La banda dei carusi (Vanina Guarrasi #7),https://www.amazon.it/gp/product/B0C6LDJDTB
Cristina Cassar Scalia,Il Castagno dei cento cavalli (Vanina Guarrasi #8),https://www.amazon.it/gp/product/B0D53N8T51
Paolo Pinna Parpaglia,Chi ha ucciso Desiré Bellanova? (Le indagini di Antony Depin Vol. 1),https://www.amazon.it/Chi-ha-ucciso-Desir%C3%A9-Bellanova-ebook/dp/B0B456XRRP
Paolo Pinna Parpaglia,La morte si chiama Madame (Le indagini di Antony Depin Vol. 2),https://www.amazon.it/morte-chiama-Madame-indagini-Antony-ebook/dp/B0CM8GSCTJ
Paolo Pinna Parpaglia,Delitti allo specchio (Le indagini di Antony Depin Vol. 3),https://www.amazon.it/Delitti-specchio-indagini-Antony-Depin-ebook/dp/B0FC9BPNJY
Paolo Pinna Parpaglia,Il giallo di Montelepre (Le indagini del tenente Roversi Vol. 2),https://www.amazon.it/giallo-Montelepre-indagini-tenente-Roversi-ebook/dp/B07DGKYQPV
Paolo Pinna Parpaglia,Il quarto testimone,https://www.amazon.it/quarto-testimone-Paolo-Pinna-Parpaglia-ebook/dp/B0C5GCLC17
Paolo Pinna Parpaglia,Inviato a giudizio,https://www.amazon.it/Inviato-giudizio-Paolo-Pinna-Parpaglia-ebook/dp/B097XR9NL2
Paolo Pinna Parpaglia,Quasi colpevole,https://www.amazon.it/Quasi-colpevole-Paolo-Pinna-Parpaglia-ebook/dp/B07DV4ZFKL
Paolo Pinna Parpaglia,Quasi innocente,https://www.amazon.it/Quasi-innocente-Paolo-Pinna-Parpaglia-ebook/dp/B07RHBRWRC
Paolo Pinna Parpaglia,Vendetta privata,https://www.amazon.it/Vendetta-privata-Paolo-Pinna-Parpaglia-ebook/dp/B0891WXV5K
Paolo Pinna Parpaglia,Inviato a giudizio - Il quarto testimone - Il mistero di Tavolara,https://www.amazon.it/Inviato-giudizio-testimone-mistero-Tavolara-ebook/dp/B0FDCKG6WG
Paolo Pinna Parpaglia,Quasi colpevole - Quasi innocente - Vendetta privata,https://www.amazon.it/Quasi-colpevole-innocente-Vendetta-privata-ebook/dp/B09S31NF9W
